timestamp,base_url,page,header,matched,diff,match_snippet
2025-10-14T15:53:56+02:00,"http://localhost:8080","/index.php","Referer: https://www.nsa.gov/","no","no",""
2025-10-14T15:53:56+02:00,"http://localhost:8080","/index.php","Origin: https://www.nsa.gov/","no","no",""
2025-10-14T15:53:56+02:00,"http://localhost:8080","/index.php?page=b7e44c7a40c5f80139f0a50f3650fb2bd8d00b0d24667c4c2ca32c88e13b758f","Referer: https://www.nsa.gov/","no","yes",""
2025-10-14T15:53:56+02:00,"http://localhost:8080","/index.php?page=b7e44c7a40c5f80139f0a50f3650fb2bd8d00b0d24667c4c2ca32c88e13b758f","Origin: https://www.nsa.gov/","no","no",""
2025-10-14T15:53:56+02:00,"http://localhost:8080","/index.php?page=feedback","Referer: https://www.nsa.gov/","no","no",""
2025-10-14T15:53:56+02:00,"http://localhost:8080","/index.php?page=feedback","Origin: https://www.nsa.gov/","no","no",""
2025-10-14T15:53:56+02:00,"http://localhost:8080","/index.php?page=media&src=nsa","Referer: https://www.nsa.gov/","no","no",""
2025-10-14T15:53:56+02:00,"http://localhost:8080","/index.php?page=media&src=nsa","Origin: https://www.nsa.gov/","no","no",""
2025-10-14T15:53:57+02:00,"http://localhost:8080","/index.php?page=member","Referer: https://www.nsa.gov/","no","no",""
2025-10-14T15:53:57+02:00,"http://localhost:8080","/index.php?page=member","Origin: https://www.nsa.gov/","no","no",""
2025-10-14T15:53:57+02:00,"http://localhost:8080","/index.php?page=recover","Referer: https://www.nsa.gov/","no","no",""
2025-10-14T15:53:57+02:00,"http://localhost:8080","/index.php?page=recover","Origin: https://www.nsa.gov/","no","no",""
2025-10-14T15:53:57+02:00,"http://localhost:8080","/index.php?page=searchimg","Referer: https://www.nsa.gov/","no","no",""
2025-10-14T15:53:57+02:00,"http://localhost:8080","/index.php?page=searchimg","Origin: https://www.nsa.gov/","no","no",""
2025-10-14T15:53:57+02:00,"http://localhost:8080","/index.php?page=signin","Referer: https://www.nsa.gov/","no","no",""
2025-10-14T15:53:57+02:00,"http://localhost:8080","/index.php?page=signin","Origin: https://www.nsa.gov/","no","no",""
2025-10-14T15:53:57+02:00,"http://localhost:8080","/index.php?page=survey","Referer: https://www.nsa.gov/","no","no",""
2025-10-14T15:53:57+02:00,"http://localhost:8080","/index.php?page=survey","Origin: https://www.nsa.gov/","no","no",""
2025-10-14T15:53:57+02:00,"http://localhost:8080","/index.php?page=upload","Referer: https://www.nsa.gov/","no","no",""
2025-10-14T15:53:57+02:00,"http://localhost:8080","/index.php?page=upload","Origin: https://www.nsa.gov/","no","no",""
